{"res-0-before":{"s":1.216071041677763,"x":10.803552083888146,"y":16.2495395244726},"res-0-after":{"s":1,"x":0,"y":4.183070866141736},"res-1-before":{"s":1.324096412701827,"x":16.204820635091355,"y":32.62036017780867},"res-1-after":{"s":1,"x":0,"y":7.848837209302328},"res-2-before":{"s":1.1405408561662729,"x":7.027042808313643,"y":11.74097175012989},"res-2-after":{"s":1,"x":0,"y":13.928571428571423},"res-7-after":{"s":1,"x":0,"y":3.195475225357536},"res-6-after":{"s":1,"x":0,"y":0},"res-13-after":{"s":1.0486194307007313,"x":2.4309715350365635,"y":5.781808946669276},"res-13-before":{"s":1.088751517470056,"x":4.437575873502797,"y":7.9166543741487905},"res-10-before":{"s":1,"x":0,"y":0},"res-28-after":{"s":1,"x":0,"y":0}}